-- phpMyAdmin SQL Dump
-- version 4.8.0
-- https://www.phpmyadmin.net/
--
-- Servidor: localhost
-- Tiempo de generación: 16-10-2020 a las 01:03:25
-- Versión del servidor: 8.0.20-0ubuntu0.20.04.1
-- Versión de PHP: 7.2.32-1+ubuntu20.04.1+deb.sury.org+1

SET SQL_MODE = "NO_AUTO_VALUE_ON_ZERO";
SET AUTOCOMMIT = 0;
START TRANSACTION;
SET time_zone = "+00:00";


/*!40101 SET @OLD_CHARACTER_SET_CLIENT=@@CHARACTER_SET_CLIENT */;
/*!40101 SET @OLD_CHARACTER_SET_RESULTS=@@CHARACTER_SET_RESULTS */;
/*!40101 SET @OLD_COLLATION_CONNECTION=@@COLLATION_CONNECTION */;
/*!40101 SET NAMES utf8mb4 */;

--
-- Base de datos: `zeus`
--

-- --------------------------------------------------------

--
-- Estructura de tabla para la tabla `failed_jobs`
--

CREATE TABLE `failed_jobs` (
  `id` bigint UNSIGNED NOT NULL,
  `connection` text CHARACTER SET utf8mb4 COLLATE utf8mb4_unicode_ci NOT NULL,
  `queue` text CHARACTER SET utf8mb4 COLLATE utf8mb4_unicode_ci NOT NULL,
  `payload` longtext CHARACTER SET utf8mb4 COLLATE utf8mb4_unicode_ci NOT NULL,
  `exception` longtext CHARACTER SET utf8mb4 COLLATE utf8mb4_unicode_ci NOT NULL,
  `failed_at` timestamp NOT NULL DEFAULT CURRENT_TIMESTAMP
) ENGINE=InnoDB DEFAULT CHARSET=utf8mb4 COLLATE=utf8mb4_unicode_ci;

-- --------------------------------------------------------

--
-- Estructura de tabla para la tabla `MGN_Informacion_Amortizacion`
--

CREATE TABLE `MGN_Informacion_Amortizacion` (
  `PK` int UNSIGNED NOT NULL,
  `FK_MGN_Inf_Amortizacion` int UNSIGNED NOT NULL,
  `AbonoCapital` bigint NOT NULL,
  `AbonoInteres` bigint UNSIGNED NOT NULL,
  `InteresMora` bigint DEFAULT NULL,
  `Saldo` bigint UNSIGNED NOT NULL,
  `Mes` int UNSIGNED NOT NULL,
  `Estado` varchar(255) CHARACTER SET utf8 COLLATE utf8_spanish2_ci NOT NULL,
  `FechaPago` date DEFAULT NULL
) ENGINE=InnoDB DEFAULT CHARSET=utf8mb4 COLLATE=utf8mb4_unicode_ci;

--
-- Volcado de datos para la tabla `MGN_Informacion_Amortizacion`
--

INSERT INTO `MGN_Informacion_Amortizacion` (`PK`, `FK_MGN_Inf_Amortizacion`, `AbonoCapital`, `AbonoInteres`, `InteresMora`, `Saldo`, `Mes`, `Estado`, `FechaPago`) VALUES
(1, 1, 0, 0, 0, 1000000, 9, 'CANCELADO', '2020-09-13'),
(2, 1, 330022, 10000, 0, 669978, 10, 'DEBE', '2020-10-13'),
(3, 1, 333322, 6700, 0, 336656, 11, 'DEBE', '2020-11-13'),
(4, 1, 336656, 3367, 0, 0, 12, 'DEBE', '2020-12-13'),
(5, 2, 0, 0, 0, 2000000, 9, 'CANCELADO', '2020-09-13'),
(6, 2, 653509, 40000, 0, 1346491, 10, 'DEBE', '2020-10-13'),
(7, 2, 666580, 26930, 0, 679911, 11, 'DEBE', '2020-11-13'),
(8, 2, 679911, 13598, 0, 0, 12, 'DEBE', '2020-12-13'),
(9, 3, 0, 0, 0, 3000000, 9, 'CANCELADO', '2020-09-13'),
(10, 3, 990066, 30000, 0, 2009934, 10, 'CANCELADO', '2020-10-13'),
(11, 3, 999967, 20099, 0, 1009967, 11, 'CANCELADO', '2020-11-13'),
(12, 3, 1009967, 10100, 0, 0, 12, 'CANCELADO', '2020-12-13'),
(13, 4, 0, 0, 0, 4000000, 9, 'CANCELADO', '2020-09-13'),
(14, 4, 1307019, 80000, 0, 2692981, 10, 'CANCELADO', '2020-10-13'),
(15, 4, 1333159, 53860, 0, 1359822, 11, 'CANCELADO', '2020-11-13'),
(16, 4, 1359822, 27196, 0, 0, 12, 'CANCELADO', '2020-12-13'),
(17, 5, 0, 0, 0, 5000000, 9, 'CANCELADO', '2020-09-13'),
(18, 5, 1628914, 115000, 0, 3371086, 10, 'CANCELADO', '2020-10-13'),
(19, 5, 1666379, 77535, 0, 1704706, 11, 'CANCELADO', '2020-11-13'),
(20, 5, 1704706, 39208, 0, 0, 12, 'CANCELADO', '2020-12-13'),
(21, 6, 0, 0, 0, 6000000, 9, 'CANCELADO', '2020-09-13'),
(22, 6, 1948890, 156000, 0, 4051110, 10, 'DEBE', '2020-10-13'),
(23, 6, 1999561, 105329, 0, 2051549, 11, 'DEBE', '2020-11-13'),
(24, 6, 2051549, 53340, 0, 0, 12, 'DEBE', '2020-12-13'),
(25, 7, 0, 0, 0, 7000000, 9, 'CANCELADO', '2020-09-13'),
(26, 7, 2305556, 84000, 0, 4694444, 10, 'CANCELADO', '2020-10-13'),
(27, 7, 2333223, 56333, 0, 2361221, 11, 'CANCELADO', '2020-11-13'),
(28, 7, 2361221, 28335, 0, 0, 12, 'CANCELADO', '2020-12-13'),
(29, 8, 0, 0, 0, 8000000, 9, 'CANCELADO', '2020-09-13'),
(30, 8, 2632299, 104000, 0, 5367702, 10, 'CANCELADO', '2020-10-13'),
(31, 8, 2666518, 69780, 0, 2701183, 11, 'CANCELADO', '2020-11-13'),
(32, 8, 2701183, 35115, 0, 0, 12, 'CANCELADO', '2020-12-13'),
(33, 9, 0, 0, 0, 9000000, 9, 'CANCELADO', '2020-09-13'),
(34, 9, 2958389, 126000, 0, 6041611, 10, 'CANCELADO', '2020-10-13'),
(35, 9, 2999807, 84583, 0, 3041804, 11, 'CANCELADO', '2020-11-13'),
(36, 9, 3041804, 42585, 0, 0, 12, 'CANCELADO', '2020-12-13'),
(37, 10, 0, 0, 0, 10000000, 9, 'CANCELADO', '2020-09-13'),
(38, 10, 3283830, 150000, 0, 6716170, 10, 'DEBE', '2020-10-13'),
(39, 10, 3333087, 100743, 0, 3383083, 11, 'DEBE', '2020-11-13'),
(40, 10, 3383083, 50746, 0, 0, 12, 'DEBE', '2020-12-13'),
(41, 11, 0, 0, 0, 1000000, 9, 'CANCELADO', '2020-09-13'),
(42, 11, 328056, 16000, 0, 671944, 10, 'DEBE', '2020-10-13'),
(43, 11, 333305, 10751, 0, 338638, 11, 'DEBE', '2020-11-13'),
(44, 11, 338638, 5418, 0, 0, 12, 'DEBE', '2020-12-13'),
(45, 12, 0, 0, 0, 2000000, 9, 'CANCELADO', '2020-09-13'),
(46, 12, 655461, 34000, 0, 1344539, 10, 'DEBE', '2020-10-13'),
(47, 12, 666604, 22857, 0, 677936, 11, 'DEBE', '2020-11-13'),
(48, 12, 677936, 11525, 0, 0, 12, 'DEBE', '2020-12-13'),
(49, 13, 0, 0, 0, 3000000, 9, 'CANCELADO', '2020-09-13'),
(50, 13, 979291, 63000, 0, 2020709, 10, 'DEBE', '2020-10-13'),
(51, 13, 999856, 42435, 0, 1020853, 11, 'DEBE', '2020-11-13'),
(52, 13, 1020853, 21438, 0, 0, 12, 'DEBE', '2020-12-13'),
(53, 14, 0, 0, 0, 4000000, 9, 'CANCELADO', '2020-09-13'),
(54, 14, 1304426, 88000, 0, 2695574, 10, 'CANCELADO', '2020-10-13'),
(55, 14, 1333123, 59303, 0, 1362452, 11, 'CANCELADO', '2020-11-13'),
(56, 14, 1362452, 29974, 0, 0, 12, 'CANCELADO', '2020-12-13'),
(57, 15, 0, 0, 0, 5000000, 9, 'CANCELADO', '2020-09-13'),
(58, 15, 1628914, 115000, 0, 3371086, 10, 'CANCELADO', '2020-10-13'),
(59, 15, 1666379, 77535, 0, 1704706, 11, 'CANCELADO', '2020-11-13'),
(60, 15, 1704706, 39208, 0, 0, 12, 'CANCELADO', '2020-12-13'),
(61, 16, 0, 0, 0, 6000000, 9, 'CANCELADO', '2020-09-13'),
(62, 16, 1952759, 144000, 0, 4047241, 10, 'DEBE', '2020-10-13'),
(63, 16, 1999625, 97134, 0, 2047616, 11, 'DEBE', '2020-11-13'),
(64, 16, 2047616, 49143, 0, 0, 12, 'DEBE', '2020-12-13'),
(65, 17, 0, 0, 0, 7000000, 9, 'CANCELADO', '2020-09-13'),
(66, 17, 2275960, 175000, 0, 4724040, 10, 'DEBE', '2020-10-13'),
(67, 17, 2332859, 118101, 0, 2391181, 11, 'DEBE', '2020-11-13'),
(68, 17, 2391181, 59780, 0, 0, 12, 'DEBE', '2020-12-13'),
(69, 18, 0, 0, 0, 8000000, 9, 'CANCELADO', '2020-09-13'),
(70, 18, 2640177, 80000, 0, 5359823, 10, 'DEBE', '2020-10-13'),
(71, 18, 2666579, 53598, 0, 2693244, 11, 'DEBE', '2020-11-13'),
(72, 18, 2693244, 26932, 0, 0, 12, 'DEBE', '2020-12-13'),
(73, 19, 0, 0, 0, 9000000, 9, 'CANCELADO', '2020-09-13'),
(74, 19, 2946642, 162000, 0, 6053358, 10, 'DEBE', '2020-10-13'),
(75, 19, 2999682, 108960, 0, 3053676, 11, 'DEBE', '2020-11-13'),
(76, 19, 3053676, 54966, 0, 0, 12, 'DEBE', '2020-12-13'),
(77, 20, 0, 0, 0, 10000000, 9, 'CANCELADO', '2020-09-13'),
(78, 20, 3270795, 190000, 0, 6729205, 10, 'CANCELADO', '2020-10-13'),
(79, 20, 3332940, 127855, 0, 3396266, 11, 'CANCELADO', '2020-11-13'),
(80, 20, 3396266, 64529, 0, 0, 12, 'CANCELADO', '2020-12-13'),
(81, 21, 0, 0, 0, 1000000, 9, 'CANCELADO', '2020-09-14'),
(82, 21, 330022, 10000, 779810, 669978, 10, 'CANCELADO', '2020-02-14'),
(83, 21, 333322, 6700, 0, 336656, 11, 'CANCELADO', '2020-11-14'),
(84, 21, 336656, 3367, 0, 0, 12, 'CANCELADO', '2020-12-14'),
(85, 22, 0, 0, 0, 2000000, 9, 'CANCELADO', '2020-09-14'),
(86, 22, 653509, 40000, 1567227, 1346491, 10, 'CANCELADO', '2020-02-14'),
(87, 22, 666580, 26930, 0, 679911, 11, 'CANCELADO', '2020-11-14'),
(88, 22, 679911, 13598, 0, 0, 12, 'CANCELADO', '2020-12-14'),
(89, 23, 0, 0, 0, 3000000, 9, 'CANCELADO', '2020-09-14'),
(90, 23, 990066, 30000, 2339431, 2009934, 10, 'CANCELADO', '2020-02-14'),
(91, 23, 999967, 20099, 0, 1009967, 11, 'CANCELADO', '2020-11-14'),
(92, 23, 1009967, 10100, 0, 0, 12, 'CANCELADO', '2020-12-14'),
(93, 24, 0, 0, 0, 4000000, 9, 'CANCELADO', '2020-09-14'),
(94, 24, 1307019, 80000, 3134453, 2692981, 10, 'CANCELADO', '2020-02-14'),
(95, 24, 1333159, 53860, 0, 1359822, 11, 'CANCELADO', '2020-11-14'),
(96, 24, 1359822, 27196, 0, 0, 12, 'CANCELADO', '2020-12-14'),
(97, 25, 0, 0, 0, 5000000, 9, 'CANCELADO', '2020-09-14'),
(98, 25, 1628914, 115000, 3923723, 3371086, 10, 'CANCELADO', '2020-02-14'),
(99, 25, 1666379, 77535, 0, 1704706, 11, 'CANCELADO', '2020-11-14'),
(100, 25, 1704706, 39208, 0, 0, 12, 'CANCELADO', '2020-12-14'),
(101, 26, 0, 0, 0, 6000000, 9, 'CANCELADO', '2020-09-14'),
(102, 26, 1948890, 156000, 4715226, 4051110, 10, 'CANCELADO', '2020-02-14'),
(103, 26, 1999561, 105329, 0, 2051549, 11, 'CANCELADO', '2020-11-14'),
(104, 26, 2051549, 53340, 0, 0, 12, 'CANCELADO', '2020-12-14'),
(105, 27, 0, 0, 0, 7000000, 9, 'CANCELADO', '2020-09-14'),
(106, 27, 2305556, 84000, 5464025, 4694444, 10, 'CANCELADO', '2020-02-14'),
(107, 27, 2333223, 56333, 0, 2361221, 11, 'CANCELADO', '2020-11-14'),
(108, 27, 2361221, 28335, 0, 0, 12, 'CANCELADO', '2020-12-14'),
(109, 28, 0, 0, 0, 8000000, 9, 'CANCELADO', '2020-09-14'),
(110, 28, 2632299, 104000, 6247653, 5367702, 10, 'CANCELADO', '2020-02-14'),
(111, 28, 2666518, 69780, 0, 2701183, 11, 'CANCELADO', '2020-11-14'),
(112, 28, 2701183, 35115, 0, 0, 12, 'CANCELADO', '2020-12-14'),
(113, 29, 0, 0, 0, 9000000, 9, 'CANCELADO', '2020-09-14'),
(114, 29, 2958389, 126000, 7032039, 6041611, 10, 'CANCELADO', '2020-02-14'),
(115, 29, 2999807, 84583, 0, 3041804, 11, 'CANCELADO', '2020-11-14'),
(116, 29, 3041804, 42585, 0, 0, 12, 'CANCELADO', '2020-12-14'),
(117, 30, 0, 0, 0, 10000000, 9, 'CANCELADO', '2020-09-14'),
(118, 30, 3283830, 150000, 7817181, 6716170, 10, 'CANCELADO', '2020-02-14'),
(119, 30, 3333087, 100743, 0, 3383083, 11, 'CANCELADO', '2020-11-14'),
(120, 30, 3383083, 50746, 0, 0, 12, 'CANCELADO', '2020-12-14'),
(121, 31, 0, 0, 0, 1000000, 9, 'CANCELADO', '2020-09-14'),
(122, 31, 328056, 16000, 782099, 671944, 10, 'CANCELADO', '2020-02-14'),
(123, 31, 333305, 10751, 0, 338638, 11, 'CANCELADO', '2020-11-14'),
(124, 31, 338638, 5418, 0, 0, 12, 'CANCELADO', '2020-12-14'),
(125, 32, 0, 0, 0, 2000000, 9, 'CANCELADO', '2020-09-14'),
(126, 32, 655461, 34000, 1564955, 1344539, 10, 'CANCELADO', '2020-02-14'),
(127, 32, 666604, 22857, 0, 677936, 11, 'CANCELADO', '2020-11-14'),
(128, 32, 677936, 11525, 0, 0, 12, 'CANCELADO', '2020-12-14'),
(129, 33, 0, 0, 0, 3000000, 9, 'CANCELADO', '2020-09-14'),
(130, 33, 979291, 63000, 2351973, 2020709, 10, 'CANCELADO', '2020-02-14'),
(131, 33, 999856, 42435, 0, 1020853, 11, 'CANCELADO', '2020-11-14'),
(132, 33, 1020853, 21438, 0, 0, 12, 'CANCELADO', '2020-12-14'),
(133, 34, 0, 0, 0, 9000000, 10, 'CANCELADO', '2020-10-14'),
(134, 34, 112118, 261900, 0, 8887882, 11, 'CANCELADO', '2020-11-14'),
(135, 34, 115380, 258637, 0, 8772502, 12, 'CANCELADO', '2020-12-14'),
(136, 34, 118738, 255280, 0, 8653764, 1, 'CANCELADO', '2021-01-14'),
(137, 34, 122193, 251825, 0, 8531571, 2, 'CANCELADO', '2021-02-14'),
(138, 34, 125749, 248269, 0, 8405823, 3, 'CANCELADO', '2021-03-14'),
(139, 34, 129408, 244609, 0, 8276414, 4, 'CANCELADO', '2021-04-14'),
(140, 34, 133174, 240844, 0, 8143240, 5, 'CANCELADO', '2021-05-14'),
(141, 34, 137049, 236968, 0, 8006191, 6, 'CANCELADO', '2021-06-14'),
(142, 34, 141037, 232980, 0, 7865154, 7, 'CANCELADO', '2021-07-14'),
(143, 34, 145142, 228876, 0, 7720012, 8, 'CANCELADO', '2021-08-14'),
(144, 34, 149365, 224652, 0, 7570647, 9, 'CANCELADO', '2021-09-14'),
(145, 34, 153712, 220306, 0, 7416935, 10, 'CANCELADO', '2021-10-14'),
(146, 34, 158185, 215833, 0, 7258750, 11, 'CANCELADO', '2021-11-14'),
(147, 34, 162788, 211230, 0, 7095962, 12, 'CANCELADO', '2021-12-14'),
(148, 34, 167525, 206493, 0, 6928437, 1, 'CANCELADO', '2022-01-14'),
(149, 34, 172400, 201618, 17979180, 6756037, 2, 'CANCELADO', '2022-02-14'),
(150, 34, 177417, 196601, 0, 6578620, 3, 'CANCELADO', '2022-03-14'),
(151, 34, 182580, 191438, 0, 6396041, 4, 'CANCELADO', '2022-04-14'),
(152, 34, 187893, 186125, 0, 6208148, 5, 'CANCELADO', '2022-05-14'),
(153, 34, 193360, 180657, 0, 6014787, 6, 'CANCELADO', '2022-06-14'),
(154, 34, 198987, 175030, 0, 5815800, 7, 'CANCELADO', '2022-07-14'),
(155, 34, 204778, 169240, 0, 5611022, 8, 'CANCELADO', '2022-08-14'),
(156, 34, 210737, 163281, 0, 5400285, 9, 'CANCELADO', '2022-09-14'),
(157, 34, 216869, 157148, 0, 5183416, 10, 'CANCELADO', '2022-10-14'),
(158, 34, 223180, 150837, 0, 4960236, 11, 'CANCELADO', '2022-11-14'),
(159, 34, 229675, 144343, 0, 4730561, 12, 'CANCELADO', '2022-12-14'),
(160, 34, 236358, 137659, 0, 4494203, 1, 'CANCELADO', '2023-01-14'),
(161, 34, 243236, 130781, 0, 4250967, 2, 'CANCELADO', '2023-02-14'),
(162, 34, 250314, 123703, 0, 4000652, 3, 'CANCELADO', '2023-03-14'),
(163, 34, 257599, 116419, 0, 3743053, 4, 'CANCELADO', '2023-04-14'),
(164, 34, 265095, 108923, 0, 3477959, 5, 'CANCELADO', '2023-05-14'),
(165, 34, 272809, 101209, 17024075, 3205150, 6, 'CANCELADO', '2023-06-14'),
(166, 34, 280748, 93270, 0, 2924402, 7, 'CANCELADO', '2023-07-14'),
(167, 34, 288917, 85100, 0, 2635485, 8, 'CANCELADO', '2023-08-14'),
(168, 34, 297325, 76693, 0, 2338160, 9, 'CANCELADO', '2023-09-14'),
(169, 34, 305977, 68040, 0, 2032182, 10, 'CANCELADO', '2023-10-14'),
(170, 34, 314881, 59137, 0, 1717301, 11, 'CANCELADO', '2023-11-14'),
(171, 34, 324044, 49973, 0, 1393257, 12, 'CANCELADO', '2023-12-14'),
(172, 34, 333474, 40544, 0, 1059783, 1, 'CANCELADO', '2024-01-14'),
(173, 34, 343178, 30840, 0, 716605, 2, 'CANCELADO', '2024-02-14'),
(174, 34, 353164, 20853, 0, 363441, 3, 'CANCELADO', '2024-03-14'),
(175, 34, 363441, 10576, 0, 0, 4, 'CANCELADO', '2024-04-14'),
(176, 38, 0, 0, 0, 9000000, 10, 'CANCELADO', '2020-10-14'),
(177, 38, 112118, 261900, 0, 8887882, 11, 'DEBE', '2020-11-14'),
(178, 38, 115380, 258637, 0, 8772502, 12, 'DEBE', '2020-12-14'),
(179, 38, 118738, 255280, 0, 8653764, 1, 'DEBE', '2021-01-14'),
(180, 38, 122193, 251825, 0, 8531571, 2, 'DEBE', '2021-02-14'),
(181, 38, 125749, 248269, 0, 8405823, 3, 'DEBE', '2021-03-14'),
(182, 38, 129408, 244609, 0, 8276414, 4, 'DEBE', '2021-04-14'),
(183, 38, 133174, 240844, 0, 8143240, 5, 'DEBE', '2021-05-14'),
(184, 38, 137049, 236968, 0, 8006191, 6, 'DEBE', '2021-06-14'),
(185, 38, 141037, 232980, 0, 7865154, 7, 'DEBE', '2021-07-14'),
(186, 38, 145142, 228876, 0, 7720012, 8, 'DEBE', '2021-08-14'),
(187, 38, 149365, 224652, 0, 7570647, 9, 'DEBE', '2021-09-14'),
(188, 38, 153712, 220306, 0, 7416935, 10, 'DEBE', '2021-10-14'),
(189, 38, 158185, 215833, 0, 7258750, 11, 'DEBE', '2021-11-14'),
(190, 38, 162788, 211230, 0, 7095962, 12, 'DEBE', '2021-12-14'),
(191, 38, 167525, 206493, 0, 6928437, 1, 'DEBE', '2022-01-14'),
(192, 38, 172400, 201618, 0, 6756037, 2, 'DEBE', '2022-02-14'),
(193, 38, 177417, 196601, 0, 6578620, 3, 'DEBE', '2022-03-14'),
(194, 38, 182580, 191438, 0, 6396041, 4, 'DEBE', '2022-04-14'),
(195, 38, 187893, 186125, 0, 6208148, 5, 'DEBE', '2022-05-14'),
(196, 38, 193360, 180657, 0, 6014787, 6, 'DEBE', '2022-06-14'),
(197, 38, 198987, 175030, 0, 5815800, 7, 'DEBE', '2022-07-14'),
(198, 38, 204778, 169240, 0, 5611022, 8, 'DEBE', '2022-08-14'),
(199, 38, 210737, 163281, 0, 5400285, 9, 'DEBE', '2022-09-14'),
(200, 38, 216869, 157148, 0, 5183416, 10, 'DEBE', '2022-10-14'),
(201, 38, 223180, 150837, 0, 4960236, 11, 'DEBE', '2022-11-14'),
(202, 38, 229675, 144343, 0, 4730561, 12, 'DEBE', '2022-12-14'),
(203, 38, 236358, 137659, 0, 4494203, 1, 'DEBE', '2023-01-14'),
(204, 38, 243236, 130781, 0, 4250967, 2, 'DEBE', '2023-02-14'),
(205, 38, 250314, 123703, 0, 4000652, 3, 'DEBE', '2023-03-14'),
(206, 38, 257599, 116419, 0, 3743053, 4, 'DEBE', '2023-04-14'),
(207, 38, 265095, 108923, 0, 3477959, 5, 'DEBE', '2023-05-14'),
(208, 38, 272809, 101209, 0, 3205150, 6, 'DEBE', '2023-06-14'),
(209, 38, 280748, 93270, 0, 2924402, 7, 'DEBE', '2023-07-14'),
(210, 38, 288917, 85100, 0, 2635485, 8, 'DEBE', '2023-08-14'),
(211, 38, 297325, 76693, 0, 2338160, 9, 'DEBE', '2023-09-14'),
(212, 38, 305977, 68040, 0, 2032182, 10, 'DEBE', '2023-10-14'),
(213, 38, 314881, 59137, 0, 1717301, 11, 'DEBE', '2023-11-14'),
(214, 38, 324044, 49973, 0, 1393257, 12, 'DEBE', '2023-12-14'),
(215, 38, 333474, 40544, 0, 1059783, 1, 'DEBE', '2024-01-14'),
(216, 38, 343178, 30840, 0, 716605, 2, 'DEBE', '2024-02-14'),
(217, 38, 353164, 20853, 0, 363441, 3, 'DEBE', '2024-03-14'),
(218, 38, 363441, 10576, 0, 0, 4, 'DEBE', '2024-04-14'),
(219, 35, 0, 0, 0, 9000000, 10, 'CANCELADO', '2020-10-14'),
(220, 35, 112118, 261900, 0, 8887882, 11, 'DEBE', '2020-11-14'),
(221, 35, 115380, 258637, 0, 8772502, 12, 'DEBE', '2020-12-14'),
(222, 35, 118738, 255280, 0, 8653764, 1, 'DEBE', '2021-01-14'),
(223, 35, 122193, 251825, 0, 8531571, 2, 'DEBE', '2021-02-14'),
(224, 35, 125749, 248269, 0, 8405823, 3, 'DEBE', '2021-03-14'),
(225, 35, 129408, 244609, 0, 8276414, 4, 'DEBE', '2021-04-14'),
(226, 35, 133174, 240844, 0, 8143240, 5, 'DEBE', '2021-05-14'),
(227, 35, 137049, 236968, 0, 8006191, 6, 'DEBE', '2021-06-14'),
(228, 35, 141037, 232980, 0, 7865154, 7, 'DEBE', '2021-07-14'),
(229, 35, 145142, 228876, 0, 7720012, 8, 'DEBE', '2021-08-14'),
(230, 35, 149365, 224652, 0, 7570647, 9, 'DEBE', '2021-09-14'),
(231, 35, 153712, 220306, 0, 7416935, 10, 'DEBE', '2021-10-14'),
(232, 35, 158185, 215833, 0, 7258750, 11, 'DEBE', '2021-11-14'),
(233, 35, 162788, 211230, 0, 7095962, 12, 'DEBE', '2021-12-14'),
(234, 35, 167525, 206493, 0, 6928437, 1, 'DEBE', '2022-01-14'),
(235, 35, 172400, 201618, 0, 6756037, 2, 'DEBE', '2022-02-14'),
(236, 35, 177417, 196601, 0, 6578620, 3, 'DEBE', '2022-03-14'),
(237, 35, 182580, 191438, 0, 6396041, 4, 'DEBE', '2022-04-14'),
(238, 35, 187893, 186125, 0, 6208148, 5, 'DEBE', '2022-05-14'),
(239, 35, 193360, 180657, 0, 6014787, 6, 'DEBE', '2022-06-14'),
(240, 35, 198987, 175030, 0, 5815800, 7, 'DEBE', '2022-07-14'),
(241, 35, 204778, 169240, 0, 5611022, 8, 'DEBE', '2022-08-14'),
(242, 35, 210737, 163281, 0, 5400285, 9, 'DEBE', '2022-09-14'),
(243, 35, 216869, 157148, 0, 5183416, 10, 'DEBE', '2022-10-14'),
(244, 35, 223180, 150837, 0, 4960236, 11, 'DEBE', '2022-11-14'),
(245, 35, 229675, 144343, 0, 4730561, 12, 'DEBE', '2022-12-14'),
(246, 35, 236358, 137659, 0, 4494203, 1, 'DEBE', '2023-01-14'),
(247, 35, 243236, 130781, 0, 4250967, 2, 'DEBE', '2023-02-14'),
(248, 35, 250314, 123703, 0, 4000652, 3, 'DEBE', '2023-03-14'),
(249, 35, 257599, 116419, 0, 3743053, 4, 'DEBE', '2023-04-14'),
(250, 35, 265095, 108923, 0, 3477959, 5, 'DEBE', '2023-05-14'),
(251, 35, 272809, 101209, 0, 3205150, 6, 'DEBE', '2023-06-14'),
(252, 35, 280748, 93270, 0, 2924402, 7, 'DEBE', '2023-07-14'),
(253, 35, 288917, 85100, 0, 2635485, 8, 'DEBE', '2023-08-14'),
(254, 35, 297325, 76693, 0, 2338160, 9, 'DEBE', '2023-09-14'),
(255, 35, 305977, 68040, 0, 2032182, 10, 'DEBE', '2023-10-14'),
(256, 35, 314881, 59137, 0, 1717301, 11, 'DEBE', '2023-11-14'),
(257, 35, 324044, 49973, 0, 1393257, 12, 'DEBE', '2023-12-14'),
(258, 35, 333474, 40544, 0, 1059783, 1, 'DEBE', '2024-01-14'),
(259, 35, 343178, 30840, 0, 716605, 2, 'DEBE', '2024-02-14'),
(260, 35, 353164, 20853, 0, 363441, 3, 'DEBE', '2024-03-14'),
(261, 35, 363441, 10576, 0, 0, 4, 'DEBE', '2024-04-14'),
(262, 40, 0, 0, 0, 5000000, 10, 'CANCELADO', '2020-10-16'),
(263, 40, 227077, 50000, 0, 4772923, 11, 'DEBE', '2020-11-16'),
(264, 40, 229347, 47729, 0, 4543576, 12, 'DEBE', '2020-12-16'),
(265, 40, 231641, 45436, 0, 4311935, 1, 'DEBE', '2021-01-16'),
(266, 40, 233957, 43119, 0, 4077978, 2, 'DEBE', '2021-02-16'),
(267, 40, 236297, 40780, 0, 3841681, 3, 'DEBE', '2021-03-16'),
(268, 40, 238660, 38417, 0, 3603022, 4, 'DEBE', '2021-04-16'),
(269, 40, 241046, 36030, 0, 3361975, 5, 'DEBE', '2021-05-16'),
(270, 40, 243457, 33620, 0, 3118518, 6, 'DEBE', '2021-06-16'),
(271, 40, 245891, 31185, 0, 2872627, 7, 'DEBE', '2021-07-16'),
(272, 40, 248350, 28726, 0, 2624277, 8, 'DEBE', '2021-08-16'),
(273, 40, 250834, 26243, 0, 2373443, 9, 'DEBE', '2021-09-16'),
(274, 40, 253342, 23734, 0, 2120101, 10, 'DEBE', '2021-10-16'),
(275, 40, 255876, 21201, 0, 1864225, 11, 'DEBE', '2021-11-16'),
(276, 40, 258434, 18642, 0, 1605791, 12, 'DEBE', '2021-12-16'),
(277, 40, 261019, 16058, 0, 1344772, 1, 'DEBE', '2022-01-16'),
(278, 40, 263629, 13448, 0, 1081143, 2, 'DEBE', '2022-02-16'),
(279, 40, 266265, 10811, 0, 814878, 3, 'DEBE', '2022-03-16'),
(280, 40, 268928, 8149, 0, 545950, 4, 'DEBE', '2022-04-16'),
(281, 40, 271617, 5460, 0, 274333, 5, 'DEBE', '2022-05-16'),
(282, 40, 274333, 2743, 0, 0, 6, 'DEBE', '2022-06-16'),
(283, 42, 0, 0, 0, 1000000, 10, 'CANCELADO', '2020-10-16'),
(284, 42, 495050, 20000, 0, 504951, 11, 'CANCELADO', '2020-11-16'),
(285, 42, 504950, 10099, 0, 0, 12, 'CANCELADO', '2020-12-16'),
(286, 43, 0, 0, 0, 11000000, 10, 'CANCELADO', '2020-10-16'),
(287, 43, 100734, 317900, 0, 10899266, 11, 'DEBE', '2020-11-16'),
(288, 43, 103645, 314989, 0, 10795621, 12, 'DEBE', '2020-12-16'),
(289, 43, 106641, 311993, 0, 10688980, 1, 'DEBE', '2021-01-16'),
(290, 43, 109722, 308912, 0, 10579258, 2, 'DEBE', '2021-02-16'),
(291, 43, 112893, 305741, 0, 10466364, 3, 'DEBE', '2021-03-16'),
(292, 43, 116156, 302478, 0, 10350208, 4, 'DEBE', '2021-04-16'),
(293, 43, 119513, 299121, 0, 10230695, 5, 'DEBE', '2021-05-16'),
(294, 43, 122967, 295667, 0, 10107728, 6, 'DEBE', '2021-06-16'),
(295, 43, 126521, 292113, 0, 9981208, 7, 'DEBE', '2021-07-16'),
(296, 43, 130177, 288457, 0, 9851030, 8, 'DEBE', '2021-08-16'),
(297, 43, 133939, 284695, 0, 9717091, 9, 'DEBE', '2021-09-16'),
(298, 43, 137810, 280824, 0, 9579281, 10, 'DEBE', '2021-10-16'),
(299, 43, 141793, 276841, 0, 9437488, 11, 'DEBE', '2021-11-16'),
(300, 43, 145891, 272743, 0, 9291598, 12, 'DEBE', '2021-12-16'),
(301, 43, 150107, 268527, 0, 9141491, 1, 'DEBE', '2022-01-16'),
(302, 43, 154445, 264189, 0, 8987046, 2, 'DEBE', '2022-02-16'),
(303, 43, 158908, 259726, 0, 8828137, 3, 'DEBE', '2022-03-16'),
(304, 43, 163501, 255133, 0, 8664637, 4, 'DEBE', '2022-04-16'),
(305, 43, 168226, 250408, 0, 8496411, 5, 'DEBE', '2022-05-16'),
(306, 43, 173088, 245546, 0, 8323323, 6, 'DEBE', '2022-06-16'),
(307, 43, 178090, 240544, 0, 8145233, 7, 'DEBE', '2022-07-16'),
(308, 43, 183237, 235397, 0, 7961996, 8, 'DEBE', '2022-08-16'),
(309, 43, 188532, 230102, 0, 7773464, 9, 'DEBE', '2022-09-16'),
(310, 43, 193981, 224653, 0, 7579483, 10, 'DEBE', '2022-10-16'),
(311, 43, 199587, 219047, 0, 7379896, 11, 'DEBE', '2022-11-16'),
(312, 43, 205355, 213279, 0, 7174541, 12, 'DEBE', '2022-12-16'),
(313, 43, 211290, 207344, 0, 6963251, 1, 'DEBE', '2023-01-16'),
(314, 43, 217396, 201238, 0, 6745855, 2, 'DEBE', '2023-02-16'),
(315, 43, 223679, 194955, 0, 6522176, 3, 'DEBE', '2023-03-16'),
(316, 43, 230143, 188491, 0, 6292033, 4, 'DEBE', '2023-04-16'),
(317, 43, 236794, 181840, 0, 6055239, 5, 'DEBE', '2023-05-16'),
(318, 43, 243638, 174996, 0, 5811601, 6, 'DEBE', '2023-06-16'),
(319, 43, 250679, 167955, 0, 5560922, 7, 'DEBE', '2023-07-16'),
(320, 43, 257923, 160711, 0, 5302999, 8, 'DEBE', '2023-08-16'),
(321, 43, 265377, 153257, 0, 5037622, 9, 'DEBE', '2023-09-16'),
(322, 43, 273047, 145587, 0, 4764575, 10, 'DEBE', '2023-10-16'),
(323, 43, 280938, 137696, 0, 4483637, 11, 'DEBE', '2023-11-16'),
(324, 43, 289057, 129577, 0, 4194580, 12, 'DEBE', '2023-12-16'),
(325, 43, 297411, 121223, 0, 3897170, 1, 'DEBE', '2024-01-16'),
(326, 43, 306006, 112628, 0, 3591164, 2, 'DEBE', '2024-02-16'),
(327, 43, 314849, 103785, 0, 3276314, 3, 'DEBE', '2024-03-16'),
(328, 43, 323949, 94685, 0, 2952366, 4, 'DEBE', '2024-04-16'),
(329, 43, 333311, 85323, 0, 2619055, 5, 'DEBE', '2024-05-16'),
(330, 43, 342943, 75691, 0, 2276112, 6, 'DEBE', '2024-06-16'),
(331, 43, 352854, 65780, 0, 1923257, 7, 'DEBE', '2024-07-16'),
(332, 43, 363052, 55582, 0, 1560206, 8, 'DEBE', '2024-08-16'),
(333, 43, 373544, 45090, 0, 1186661, 9, 'DEBE', '2024-09-16'),
(334, 43, 384340, 34295, 0, 802322, 10, 'DEBE', '2024-10-16'),
(335, 43, 395447, 23187, 0, 406875, 11, 'DEBE', '2024-11-16'),
(336, 43, 406875, 11759, 0, 0, 12, 'DEBE', '2024-12-16'),
(337, 44, 0, 0, 0, 3000000, 10, 'CANCELADO', '2020-10-16'),
(338, 44, 1492537, 30000, 0, 1507463, 11, 'CANCELADO', '2020-11-16'),
(339, 44, 1507463, 15075, 0, 0, 12, 'CANCELADO', '2020-12-16'),
(340, 45, 0, 0, 0, 1000000, 10, 'CANCELADO', '2020-10-16'),
(341, 45, 495050, 20000, 0, 504951, 11, 'CANCELADO', '2020-11-16'),
(342, 45, 504950, 10099, 0, 0, 12, 'CANCELADO', '2020-12-16'),
(343, 46, 0, 0, 0, 2000000, 10, 'CANCELADO', '2020-10-16'),
(344, 46, 995025, 20000, 0, 1004975, 11, 'CANCELADO', '2020-11-16'),
(345, 46, 1004975, 10050, 0, 0, 12, 'CANCELADO', '2020-12-16'),
(346, 47, 0, 0, 0, 3000000, 10, 'CANCELADO', '2020-10-16'),
(347, 47, 1485149, 60000, 0, 1514851, 11, 'CANCELADO', '2020-11-16'),
(348, 47, 1514851, 30297, 0, 0, 12, 'CANCELADO', '2020-12-16'),
(349, 48, 0, 0, 0, 1000000, 10, 'CANCELADO', '2020-10-16'),
(350, 48, 495050, 20000, 0, 504951, 11, 'CANCELADO', '2020-11-16'),
(351, 48, 504950, 10099, 0, 0, 12, 'CANCELADO', '2020-12-16'),
(352, 49, 0, 0, 0, 2000000, 10, 'CANCELADO', '2020-10-16'),
(353, 49, 990099, 40000, 0, 1009901, 11, 'CANCELADO', '2020-11-16'),
(354, 49, 1009901, 20198, 0, 0, 12, 'CANCELADO', '2020-12-16'),
(355, 50, 0, 0, 0, 2000000, 10, 'CANCELADO', '2020-10-16'),
(356, 50, 990099, 40000, 0, 1009901, 11, 'CANCELADO', '2020-11-16'),
(357, 50, 1009901, 20198, 0, 0, 12, 'CANCELADO', '2020-12-16'),
(358, 51, 0, 0, 0, 1000000, 10, 'CANCELADO', '2020-10-16'),
(359, 51, 495050, 20000, 0, 504951, 11, 'CANCELADO', '2020-11-16'),
(360, 51, 504950, 10099, 0, 0, 12, 'CANCELADO', '2020-12-16');

-- --------------------------------------------------------

--
-- Estructura de tabla para la tabla `MGN_Informacion_Prestamo`
--

CREATE TABLE `MGN_Informacion_Prestamo` (
  `PK` int UNSIGNED NOT NULL,
  `ValorPrestamo` bigint NOT NULL,
  `InteresPrestamo` decimal(8,2) NOT NULL,
  `PlazoPrestamo` int NOT NULL,
  `CuotaPrestamo` double NOT NULL,
  `CedulaCliente` int UNSIGNED NOT NULL,
  `FuerzaMilitar` int NOT NULL,
  `EstadoPrestamo` varchar(255) CHARACTER SET utf8 COLLATE utf8_spanish2_ci NOT NULL
) ENGINE=InnoDB DEFAULT CHARSET=utf8mb4 COLLATE=utf8mb4_unicode_ci;

--
-- Volcado de datos para la tabla `MGN_Informacion_Prestamo`
--

INSERT INTO `MGN_Informacion_Prestamo` (`PK`, `ValorPrestamo`, `InteresPrestamo`, `PlazoPrestamo`, `CuotaPrestamo`, `CedulaCliente`, `FuerzaMilitar`, `EstadoPrestamo`) VALUES
(1, 1000000, '1.00', 3, 340022.11, 1, 1, 'APROBADO'),
(2, 2000000, '2.00', 3, 693509.35, 2, 1, 'APROBADO'),
(3, 3000000, '1.00', 3, 1020066.33, 3, 1, 'CANCELADO'),
(4, 4000000, '2.00', 3, 1387018.69, 4, 1, 'CANCELADO'),
(5, 5000000, '2.30', 3, 1743914.4, 5, 1, 'CANCELADO'),
(6, 6000000, '2.60', 3, 2104889.72, 6, 2, 'APROBADO'),
(7, 7000000, '1.20', 3, 2389555.99, 7, 2, 'CANCELADO'),
(8, 8000000, '1.30', 3, 2736298.5, 8, 2, 'CANCELADO'),
(9, 9000000, '1.40', 3, 3084389.27, 9, 2, 'CANCELADO'),
(10, 10000000, '1.50', 3, 3433829.6, 10, 2, 'APROBADO'),
(11, 1000000, '1.60', 3, 344056.44, 11, 3, 'APROBADO'),
(12, 2000000, '1.70', 3, 689460.69, 12, 3, 'APROBADO'),
(13, 3000000, '2.10', 3, 1042290.93, 13, 3, 'APROBADO'),
(14, 4000000, '2.20', 3, 1392425.52, 14, 3, 'CANCELADO'),
(15, 5000000, '2.30', 3, 1743914.4, 15, 3, 'CANCELADO'),
(16, 6000000, '2.40', 3, 2096758.86, 16, 4, 'APROBADO'),
(17, 7000000, '2.50', 3, 2450960.17, 17, 4, 'APROBADO'),
(18, 8000000, '1.00', 3, 2720176.89, 18, 4, 'APROBADO'),
(19, 9000000, '1.80', 3, 3108642.2, 19, 4, 'APROBADO'),
(20, 10000000, '1.90', 3, 3460794.65, 20, 4, 'CANCELADO'),
(21, 1000000, '1.00', 3, 340022.11, 21, 1, 'CANCELADO'),
(22, 2000000, '2.00', 3, 693509.35, 22, 1, 'CANCELADO'),
(23, 3000000, '1.00', 3, 1020066.33, 23, 1, 'CANCELADO'),
(24, 4000000, '2.00', 3, 1387018.69, 24, 2, 'CANCELADO'),
(25, 5000000, '2.30', 3, 1743914.4, 25, 2, 'CANCELADO'),
(26, 6000000, '2.60', 3, 2104889.72, 26, 3, 'CANCELADO'),
(27, 7000000, '1.20', 3, 2389555.99, 27, 3, 'CANCELADO'),
(28, 8000000, '1.30', 3, 2736298.5, 28, 3, 'CANCELADO'),
(29, 9000000, '1.40', 3, 3084389.27, 29, 3, 'CANCELADO'),
(30, 10000000, '1.50', 3, 3433829.6, 30, 3, 'CANCELADO'),
(31, 1000000, '1.60', 3, 344056.44, 31, 3, 'CANCELADO'),
(32, 2000000, '1.70', 3, 689460.69, 32, 4, 'CANCELADO'),
(33, 3000000, '2.10', 3, 1042290.93, 33, 4, 'CANCELADO'),
(34, 9000000, '2.91', 42, 374017.59, 34, 1, 'CANCELADO'),
(35, 9000000, '2.91', 42, 374017.59, 35, 2, 'APROBADO'),
(36, 2000000, '1.00', 3, 680044.22, 36, 3, 'SOLICITADO'),
(37, 4000000, '1.20', 3, 1365460.57, 37, 4, 'SOLICITADO'),
(38, 9000000, '2.91', 42, 374017.59, 38, 1, 'APROBADO'),
(39, 2000000, '2.00', 8, 273019.6, 39, 1, 'SOLICITADO'),
(40, 5000000, '1.00', 20, 277076.57, 36, 2, 'APROBADO'),
(41, 2000000, '1.00', 2, 1015024.88, 40, 1, 'SOLICITADO'),
(42, 1000000, '2.00', 2, 515049.5, 41, 1, 'CANCELADO'),
(43, 11000000, '2.89', 50, 418634.02, 42, 1, 'APROBADO'),
(44, 3000000, '1.00', 2, 1522537.31, 43, 1, 'CANCELADO'),
(45, 1000000, '2.00', 2, 515049.5, 44, 1, 'CANCELADO'),
(46, 2000000, '1.00', 2, 1015024.88, 45, 1, 'CANCELADO'),
(47, 3000000, '2.00', 2, 1545148.51, 46, 1, 'CANCELADO'),
(48, 1000000, '2.00', 2, 515049.5, 47, 1, 'CANCELADO'),
(49, 2000000, '2.00', 2, 1030099.01, 48, 1, 'CANCELADO'),
(50, 2000000, '2.00', 2, 1030099.01, 49, 1, 'CANCELADO'),
(51, 1000000, '2.00', 2, 515049.5, 50, 1, 'CANCELADO');

-- --------------------------------------------------------

--
-- Estructura de tabla para la tabla `migrations`
--

CREATE TABLE `migrations` (
  `id` int UNSIGNED NOT NULL,
  `migration` varchar(255) CHARACTER SET utf8mb4 COLLATE utf8mb4_unicode_ci NOT NULL,
  `batch` int NOT NULL
) ENGINE=InnoDB DEFAULT CHARSET=utf8mb4 COLLATE=utf8mb4_unicode_ci;

--
-- Volcado de datos para la tabla `migrations`
--

INSERT INTO `migrations` (`id`, `migration`, `batch`) VALUES
(1, '2014_10_12_000000_create_users_table', 1),
(2, '2014_10_12_100000_create_password_resets_table', 1),
(3, '2019_08_19_000000_create_failed_jobs_table', 1),
(4, '2020_08_12_235457_informacion_del_prestamo', 1),
(5, '2020_08_13_001952_informacion_de_tabla_amortizacion', 1);

-- --------------------------------------------------------

--
-- Estructura de tabla para la tabla `password_resets`
--

CREATE TABLE `password_resets` (
  `email` varchar(255) CHARACTER SET utf8mb4 COLLATE utf8mb4_unicode_ci NOT NULL,
  `token` varchar(255) CHARACTER SET utf8mb4 COLLATE utf8mb4_unicode_ci NOT NULL,
  `created_at` timestamp NULL DEFAULT NULL
) ENGINE=InnoDB DEFAULT CHARSET=utf8mb4 COLLATE=utf8mb4_unicode_ci;

-- --------------------------------------------------------

--
-- Estructura de tabla para la tabla `users`
--

CREATE TABLE `users` (
  `id` bigint UNSIGNED NOT NULL,
  `name` varchar(255) CHARACTER SET utf8mb4 COLLATE utf8mb4_unicode_ci NOT NULL,
  `email` varchar(255) CHARACTER SET utf8mb4 COLLATE utf8mb4_unicode_ci NOT NULL,
  `email_verified_at` timestamp NULL DEFAULT NULL,
  `password` varchar(255) CHARACTER SET utf8mb4 COLLATE utf8mb4_unicode_ci NOT NULL,
  `remember_token` varchar(100) CHARACTER SET utf8mb4 COLLATE utf8mb4_unicode_ci DEFAULT NULL,
  `created_at` timestamp NULL DEFAULT NULL,
  `updated_at` timestamp NULL DEFAULT NULL
) ENGINE=InnoDB DEFAULT CHARSET=utf8mb4 COLLATE=utf8mb4_unicode_ci;

--
-- Volcado de datos para la tabla `users`
--

INSERT INTO `users` (`id`, `name`, `email`, `email_verified_at`, `password`, `remember_token`, `created_at`, `updated_at`) VALUES
(1, 'Julian Camilo Anzola', 'anzola38@hotmail.com', NULL, '$2y$10$IuJx148vWrnrvdApZqxoFOn48/Gc7Lr9S/fEVh7sHkXZbCTYAg7gK', NULL, '2020-09-13 22:09:05', '2020-09-13 22:09:05');

--
-- Índices para tablas volcadas
--

--
-- Indices de la tabla `failed_jobs`
--
ALTER TABLE `failed_jobs`
  ADD PRIMARY KEY (`id`);

--
-- Indices de la tabla `MGN_Informacion_Amortizacion`
--
ALTER TABLE `MGN_Informacion_Amortizacion`
  ADD PRIMARY KEY (`PK`),
  ADD KEY `mgn_informacion_amortizacion_fk_mgn_inf_amortizacion_foreign` (`FK_MGN_Inf_Amortizacion`);

--
-- Indices de la tabla `MGN_Informacion_Prestamo`
--
ALTER TABLE `MGN_Informacion_Prestamo`
  ADD PRIMARY KEY (`PK`);

--
-- Indices de la tabla `migrations`
--
ALTER TABLE `migrations`
  ADD PRIMARY KEY (`id`);

--
-- Indices de la tabla `password_resets`
--
ALTER TABLE `password_resets`
  ADD KEY `password_resets_email_index` (`email`);

--
-- Indices de la tabla `users`
--
ALTER TABLE `users`
  ADD PRIMARY KEY (`id`),
  ADD UNIQUE KEY `users_email_unique` (`email`);

--
-- AUTO_INCREMENT de las tablas volcadas
--

--
-- AUTO_INCREMENT de la tabla `failed_jobs`
--
ALTER TABLE `failed_jobs`
  MODIFY `id` bigint UNSIGNED NOT NULL AUTO_INCREMENT;

--
-- AUTO_INCREMENT de la tabla `MGN_Informacion_Amortizacion`
--
ALTER TABLE `MGN_Informacion_Amortizacion`
  MODIFY `PK` int UNSIGNED NOT NULL AUTO_INCREMENT, AUTO_INCREMENT=361;

--
-- AUTO_INCREMENT de la tabla `MGN_Informacion_Prestamo`
--
ALTER TABLE `MGN_Informacion_Prestamo`
  MODIFY `PK` int UNSIGNED NOT NULL AUTO_INCREMENT, AUTO_INCREMENT=52;

--
-- AUTO_INCREMENT de la tabla `migrations`
--
ALTER TABLE `migrations`
  MODIFY `id` int UNSIGNED NOT NULL AUTO_INCREMENT, AUTO_INCREMENT=6;

--
-- AUTO_INCREMENT de la tabla `users`
--
ALTER TABLE `users`
  MODIFY `id` bigint UNSIGNED NOT NULL AUTO_INCREMENT, AUTO_INCREMENT=2;

--
-- Restricciones para tablas volcadas
--

--
-- Filtros para la tabla `MGN_Informacion_Amortizacion`
--
ALTER TABLE `MGN_Informacion_Amortizacion`
  ADD CONSTRAINT `mgn_informacion_amortizacion_fk_mgn_inf_amortizacion_foreign` FOREIGN KEY (`FK_MGN_Inf_Amortizacion`) REFERENCES `MGN_Informacion_Prestamo` (`PK`) ON DELETE CASCADE;
COMMIT;

/*!40101 SET CHARACTER_SET_CLIENT=@OLD_CHARACTER_SET_CLIENT */;
/*!40101 SET CHARACTER_SET_RESULTS=@OLD_CHARACTER_SET_RESULTS */;
/*!40101 SET COLLATION_CONNECTION=@OLD_COLLATION_CONNECTION */;
